{
  "name": "custom.python.encoding_check",
  "version": "0.7",
  "type": "python",
  "metricGroup": "host.custom",
  "entity": "HOST",
  "processTypeNames": [
    "WINDOWS_SYSTEM"
  ],
  "source": {
    "package": "encoding_check_plugin",
    "className": "EncodingCheckPlugin",
    "install_requires": [
      "chardet>=3.0.4"
    ],
    "activation": "Singleton"
  },
  "metrics": [
    {
      "statetimeseries": {
        "key": "matches_encoding",
        "states":["correct_encoding", "incorrect_encoding"],
        "displayname": "Matches Encoding"
      }
    }
  ],
  "configUI": {
    "displayName": "File Encoding"
  },
  "ui" :
  {
    "keymetrics" : [ ],
    "keycharts" : [ ],
    "charts": [
      {
        "group": "File Encoding",
        "title": "File Encoding State",
        "series": [
          {
            "key": "matches_encoding",
            "displayname": "State",
            "statecolors": ["#00FF00", "#FF0000"],
            "statechart": true
          }
        ]
      }
    ]
  },
  "properties": [
    {
      "key": "filepath",
      "type": "String",
      "defaultValue": "/temp/"
    },
    {
      "key": "encoding_type",
      "type":"String",
      "displayHint": "ascii (=ANSI or ascii) or UTF-8-SIG (=UTF8 with BOM)"
    },
    {
      "key": "file_extension",
      "type":"String",
      "displayHint": "The file extensions in the directory we want to check"
    }
  ]
}